candidate_evaluations,seed_0,seed_1,seed_2,seed_3,seed_4
0,36729,35901,36358,36212,36045
16,36825,35859,36465,36212,36150
32,36793,35775,36425,36446,36090
48,36758,35870,36610,36136,35734
64,36545,35853,36386,36192,35824
80,36459,35861,36035,36097,35716
96,36397,35837,35971,36168,35927
112,36305,35884,36026,36193,36024
128,36183,35905,35958,36305,36098
144,35916,35895,35728,36128,35933
160,35932,35936,35781,36099,36104
176,36033,35822,35779,36116,36270
192,35756,35917,35728,36240,36418
208,35832,35932,35835,36250,36363
224,35712,35970,35853,36210,36310
240,35589,36254,35865,36217,36364
256,35309,36176,35886,36016,36361
272,35262,36121,35900,35949,36560
288,35158,36175,35739,35798,36354
304,35047,36091,35775,35896,36211
320,35053,36041,35701,35607,36062
336,34976,35832,35860,35241,35919
352,34805,35915,35882,35286,36063
368,34678,36029,35801,35477,36089
384,34605,35761,35842,35544,36068
400,34481,35844,35844,35450,35982
416,34739,35719,35665,35376,36189
432,34600,35653,35597,35209,36239
448,34396,35616,35494,35276,36340
464,34228,35389,35279,35280,36166
480,34268,35518,35235,34945,36376
496,34338,35424,35143,34783,36473
512,34216,35254,35058,35052,36280
528,34340,35193,34894,35104,36160
544,34513,35183,34961,35122,35972
560,34567,35133,34995,35134,35912
576,34972,35328,34739,35069,36016
592,34741,35403,34799,35166,35808
608,34519,35442,34858,35210,35640
624,34323,35340,34784,35221,35677
640,34551,35257,34797,35109,35729
656,34578,35326,34745,34932,35938
672,34359,35234,34698,35014,35908
688,34372,34973,34820,35052,36035
704,34452,34843,34674,35241,35973
720,34459,34693,34695,35099,35551
736,34522,34699,34795,35008,35522
752,34418,34613,34676,34964,35611
768,34387,34629,34814,34976,35477
784,34666,34538,34836,34879,35440
800,34733,34506,34737,34548,35131
816,34670,34438,34697,34546,34932
832,34663,34374,34715,34734,34949
848,34682,34455,34622,34824,34977
864,34828,34361,34682,35072,35011
880,34737,34398,34764,34991,34864
896,34707,34358,34849,34875,34651
912,34859,34099,34638,34910,34455
928,34899,34101,34819,34768,34571
944,34949,34078,34746,34823,34345
960,34798,34203,34556,34537,34368
976,34762,34286,34616,34482,34013
992,34830,34312,34492,34392,34183
1008,34822,34254,34504,34474,34225
1024,34658,34114,34600,34420,34186
1040,34722,34236,34347,34381,34037
1056,34740,34193,34224,34418,34089
1072,34708,34280,34450,34408,34141
1088,34672,34175,34527,34369,34121
1104,34559,34078,34448,34369,34238
1120,34503,33935,34271,34377,34237
1136,34382,33871,34519,34120,34256
1152,34304,33709,34633,34186,34352
1168,34154,33806,34483,34261,34354
1184,34115,33580,34568,34459,34192
1200,34034,33589,34474,34575,34248
1216,33946,33606,34453,34432,34119
1232,33949,33710,34439,34521,34303
1248,34003,33706,34352,34501,34403
1264,33978,33436,34355,34389,34408
1280,33926,33462,34324,34483,34382
1296,33755,33341,34216,34639,34272
1312,33806,33252,34302,34509,34131
1328,33694,33394,34061,34564,34212
1344,33718,33365,34141,34637,34242
1360,33761,33176,34027,34506,34301
1376,33783,33127,34072,34566,34363
1392,33678,33190,33989,34760,34546
1408,33529,33044,34036,34627,34567
1424,33475,33105,33977,34546,34451
1440,33360,33038,34117,34593,34303
1456,33280,32987,33912,34492,34191
1472,33269,33013,33907,34576,34198
1488,33212,33032,33838,34459,34177
1504,33235,32929,33878,34590,34099
1520,33041,32752,33746,34537,34174
1536,33046,32869,33668,34240,34089
1552,33073,32809,33672,34143,34215
1568,33011,32893,33668,34115,34124
1584,33043,32619,33699,34262,34119
1600,32848,32645,33774,34210,34051
1616,32851,32623,33882,34085,34135
1632,32949,32705,33955,34053,34083
1648,33070,32752,33996,34045,34037
1664,33027,32724,34071,33753,34122
1680,33015,32627,34064,33555,34039
1696,32878,32687,34050,33373,34018
1712,32868,32427,34147,33270,33788
1728,32783,32443,34018,33287,33651
1744,32745,32370,34018,33516,33592
1760,32749,32429,33827,33501,33523
1776,32740,32184,33924,33408,33405
1792,32892,32125,33762,33325,33343
1808,32835,32210,33768,33262,33156
1824,32824,32189,33640,33271,33202
1840,32769,31982,33698,33505,33175
1856,32854,31949,33483,33597,33098
1872,32852,32019,33428,33563,33139
1888,32704,32064,33257,33571,33034
1904,32777,32036,33050,33379,33027
1920,32846,31931,32978,33229,33117
1936,32857,31999,32821,33313,33016
1952,32710,31952,32835,33264,33002
1968,32638,31886,32800,33378,33035
1984,32532,31889,32929,33325,33029
2000,32466,31830,32949,33223,33175
2016,32430,31941,32869,33124,33059
2032,32302,31957,32889,33070,32959
2048,32425,32024,32911,33298,32713
2064,32365,31998,32899,33232,32611
2080,32283,31962,32959,33404,32672
2096,32250,31906,32962,33340,32669
2112,32350,32056,32997,33282,32664
2128,32369,32204,32998,33242,32524
2144,32389,32168,33095,33240,32513
2160,32431,32168,33134,33324,32530
2176,32530,32095,33194,33178,32574
2192,32630,32239,33301,33065,32429
2208,32445,32296,33320,33086,32433
2224,32424,32205,33347,33046,32358
2240,32419,32191,33315,33170,32406
2256,32412,32061,33241,33250,32382
2272,32170,32169,33211,33192,32348
2288,32292,31963,33005,33093,32356
2304,32153,31933,32848,32895,32280
2320,31961,32013,32873,32778,32377
2336,31906,31876,32862,32882,32293
2352,31885,31978,32787,32843,32075
2368,31852,31994,32821,32881,31897
2384,31813,31951,32936,32662,31823
2400,31914,32087,32773,32705,31771
2416,31929,31861,32769,32680,31862
2432,31924,31879,32764,32578,31908
2448,31844,31806,32763,32483,31854
2464,31821,31854,32628,32520,31876
2480,31731,31840,32716,32655,31969
2496,31716,31854,32582,32497,32011
2512,31683,31710,32544,32550,32000
2528,31642,31830,32418,32280,31924
2544,31591,32032,32317,32208,32138
2560,31624,31940,32292,32163,32150
2576,31567,31889,32327,32153,32155
2592,31581,31730,32291,32159,32265
2608,31596,31735,32442,32150,32229
2624,31635,31617,32512,32136,32348
2640,31582,31486,32683,32275,32326
2656,31616,31364,32648,32339,32336
2672,31692,31297,32583,32193,32272
2688,31628,31236,32459,32185,32241
2704,31817,31089,32472,32275,32244
2720,31515,31131,32506,32218,32340
2736,31528,31136,32319,32133,32439
2752,31509,31116,32315,32091,32278
2768,31633,31096,32279,32159,32311
2784,31564,31073,32264,32245,32289
2800,31506,31008,32223,32132,32198
2816,31349,31180,32166,32040,32170
2832,31258,30957,32101,31996,32332
2848,31187,30984,32003,31845,32350
2864,31171,30989,31984,31824,32404
2880,31077,30785,31729,31870,32284
2896,31038,30797,31683,31720,32319
2912,31065,30675,31588,31670,32274
2928,31127,30620,31648,31549,32247
2944,31116,30471,31524,31679,32128
2960,31189,30413,31632,31619,32173
2976,31265,30376,31676,31589,32022
2992,30995,30571,31666,31554,31912
3008,30976,30549,31693,31574,31864
3024,30963,30512,31419,31587,31798
3040,30952,30514,31376,31615,31629
3056,30978,30488,31283,31533,31579
3072,30885,30335,31257,31528,31548
3088,30806,30235,31238,31445,31595
3104,30851,30178,31168,31479,31614
3120,30803,30167,31045,31377,31550
3136,30777,30262,30934,31305,31518
3152,30844,30220,30892,31278,31443
3168,30807,30263,30694,31251,31429
3184,30627,30168,30650,31095,31450
3200,30583,30175,30668,31119,31468
3216,30636,30227,30557,31133,31402
3232,30575,30298,30479,31046,31264
3248,30572,30262,30488,31082,31090
3264,30522,30231,30500,31147,30943
3280,30479,30243,30460,31305,30949
3296,30541,30251,30457,31260,30973
3312,30505,30107,30480,31315,30825
3328,30507,30044,30504,31272,30805
3344,30509,30049,30508,31249,30694
3360,30428,30112,30486,31152,30703
3376,30403,30093,30409,31078,30611
3392,30426,30018,30339,30971,30589
3408,30438,29995,30236,31023,30553
3424,30399,29969,30266,30752,30466
3440,30268,29901,30279,30720,30392
3456,30116,29822,30231,30715,30313
3472,30162,29809,30307,30735,30220
3488,30256,29820,30189,30804,30189
3504,30273,29746,30186,30719,30152
3520,30346,29740,30107,30754,30192
3536,30320,29669,30094,30737,30153
3552,30264,29648,30039,30602,30018
3568,30262,29562,30050,30585,30085
3584,30173,29478,30043,30486,29938
3600,30242,29390,29901,30378,29938
3616,30151,29337,29793,30302,29861
3632,30117,29427,29705,30311,29782
3648,30038,29448,29765,30298,29751
3664,29945,29466,29835,30319,29805
3680,29999,29592,29818,30318,29774
3696,29841,29602,29824,30387,29736
3712,29857,29574,29781,30406,29693
3728,29844,29611,29751,30262,29712
3744,29763,29590,29710,30312,29571
3760,29731,29528,29490,30496,29483
3776,29639,29508,29539,30422,29499
3792,29640,29386,29557,30398,29364
3808,29598,29374,29478,30397,29406
3824,29562,29238,29390,30322,29416
3840,29516,29249,29211,30273,29514
3856,29522,29387,29172,30157,29466
3872,29524,29400,29217,30056,29394
3888,29447,29447,29179,30021,29383
3904,29310,29368,29110,30027,29396
3920,29379,29304,29100,29972,29511
3936,29386,29244,29010,29964,29577
3952,29384,29256,28898,30070,29556
3968,29324,29120,28863,29954,29617
3984,29388,29152,28746,30033,29537
4000,29373,29152,28750,29925,29461
4016,29331,29182,28580,29831,29435
4032,29306,29122,28586,29849,29342
4048,29208,29141,28574,29812,29352
4064,29136,29199,28529,29756,29365
4080,29193,29207,28557,29748,29275
4096,29067,29140,28512,29670,29291
4112,28936,29074,28540,29746,29183
4128,28904,29024,28487,29717,29108
4144,28913,28843,28489,29649,29081
4160,28928,28722,28399,29500,29060
4176,28800,28689,28252,29467,29085
4192,28831,28651,28197,29450,29009
4208,28706,28581,28162,29434,29096
4224,28713,28592,28216,29467,29054
4240,28637,28579,28206,29414,29060
4256,28553,28567,28222,29307,29011
4272,28554,28584,28230,29312,29077
4288,28529,28564,28102,29303,28943
4304,28456,28612,28053,29272,28829
4320,28447,28582,28089,29249,28726
4336,28409,28571,28090,29332,28739
4352,28395,28553,28093,29212,28764
4368,28342,28540,28003,29189,28799
4384,28380,28535,27913,29050,28727
4400,28328,28467,27703,28984,28705
4416,28373,28501,27722,28978,28611
4432,28307,28453,27719,28920,28643
4448,28221,28541,27705,28877,28698
4464,28226,28561,27668,28808,28640
4480,28172,28557,27670,28798,28660
4496,28054,28534,27643,28786,28613
4512,27982,28395,27639,28759,28550
4528,27919,28368,27547,28733,28529
4544,27803,28368,27465,28723,28518
4560,27789,28275,27406,28777,28446
4576,27783,28270,27446,28697,28392
4592,27659,28271,27441,28627,28304
4608,27656,28179,27436,28561,28245
4624,27642,28199,27406,28475,28231
4640,27572,28205,27390,28519,28303
4656,27493,28178,27351,28498,28251
4672,27405,28139,27227,28504,28175
4688,27266,28234,27150,28468,28165
4704,27222,28301,27108,28468,28110
4720,27259,28289,27110,28465,28084
4736,27231,28247,27069,28496,28011
4752,27121,28161,27074,28464,27938
4768,27086,28172,27051,28443,27924
4784,27009,28158,27028,28423,27973
4800,26953,28138,26882,28482,28006
4816,26955,28001,26798,28349,27958
4832,26940,27924,26764,28309,27932
4848,26903,27848,26740,28296,27889
4864,26836,27756,26641,28232,27909
4880,26817,27716,26628,28191,27824
4896,26805,27718,26584,28196,27868
4912,26768,27644,26530,28189,27891
4928,26741,27487,26527,28088,27884
4944,26725,27404,26493,28042,27805
4960,26645,27308,26492,27997,27730
4976,26649,27305,26454,27891,27697
4992,26647,27273,26427,27765,27678
5008,26652,27241,26388,27679,27629
5024,26656,27191,26395,27652,27647
5040,26662,27169,26400,27654,27633
5056,26627,27118,26402,27570,27655
5072,26609,27111,26373,27555,27617
5088,26572,27070,26353,27517,27609
5104,26548,27084,26322,27523,27536
5120,26512,27084,26295,27503,27477
5136,26482,27073,26316,27481,27395
5152,26471,27078,26298,27448,27329
5168,26463,27058,26269,27409,27313
5184,26433,26971,26217,27401,27293
5200,26428,26916,26227,27411,27292
5216,26380,26880,26269,27377,27288
5232,26388,26844,26239,27383,27234
5248,26275,26845,26238,27334,27208
5264,26278,26835,26208,27284,27061
5280,26309,26835,26135,27295,27004
5296,26257,26680,26119,27268,27034
5312,26228,26658,26043,27298,26987
5328,26224,26643,25957,27212,26947
5344,26241,26634,25981,27138,27006
5360,26252,26544,25958,27180,27007
5376,26153,26459,25964,27103,26990
5392,26144,26411,25899,27071,26953
5408,26108,26389,25905,27072,26857
5424,26060,26372,25855,27025,26863
5440,26021,26391,25824,27004,26835
5456,26021,26359,25841,27008,26783
5472,26018,26337,25811,26995,26738
5488,25948,26332,25786,27005,26716
5504,25948,26310,25724,26959,26690
5520,25924,26217,25679,26952,26656
5536,25924,26212,25609,26933,26645
5552,25844,26188,25563,26908,26543
5568,25842,26182,25554,26915,26524
5584,25850,26189,25535,26884,26503
5600,25789,26113,25514,26841,26506
5616,25801,26008,25498,26782,26479
5632,25683,25973,25415,26766,26469
5648,25660,25929,25373,26698,26455
5664,25589,25914,25292,26677,26453
5680,25567,25866,25312,26656,26417
5696,25543,25854,25306,26660,26385
5712,25535,25792,25301,26647,26297
5728,25533,25787,25265,26685,26192
5744,25461,25805,25239,26628,26179
5760,25439,25783,25207,26621,26139
5776,25456,25757,25193,26596,26068
5792,25504,25766,25203,26570,25962
5808,25476,25702,25205,26542,25984
5824,25452,25719,25189,26570,25997
5840,25377,25723,25178,26532,25995
5856,25354,25692,25112,26518,25939
5872,25343,25632,25117,26450,25839
5888,25313,25633,25084,26392,25788
5904,25315,25591,25089,26356,25776
5920,25207,25543,25081,26344,25802
5936,25155,25511,25056,26351,25775
5952,25075,25457,24948,26333,25756
5968,25065,25455,24976,26257,25676
5984,25022,25337,24965,26273,25714
6000,25006,25321,24930,26276,25676
6016,24951,25310,24915,26254,25633
6032,24887,25260,24910,26233,25573
6048,24837,25253,24907,26237,25530
6064,24835,25239,24917,26163,25498
6080,24795,25217,24869,26163,25434
6096,24742,25212,24875,26127,25436
6112,24638,25182,24805,26143,25362
6128,24619,25168,24812,26140,25355
6144,24574,25139,24787,26139,25352
6160,24548,25067,24766,26063,25305
6176,24527,25015,24721,25977,25322
6192,24519,24990,24690,25969,25211
6208,24444,24943,24662,25951,25196
6224,24444,24886,24660,25818,25202
6240,24363,24876,24652,25812,25123
6256,24341,24874,24628,25790,25119
6272,24298,24864,24600,25753,25095
6288,24287,24807,24594,25747,25088
6304,24278,24787,24546,25753,25071
6320,24246,24732,24517,25725,25032
6336,24230,24728,24371,25725,25033
6352,24238,24707,24360,25617,25003
6368,24229,24707,24364,25551,24980
6384,24205,24676,24292,25537,24939
6400,24173,24611,24226,25452,24936
6416,24171,24605,24226,25408,24912
6432,24138,24560,24219,25389,24910
6448,24120,24501,24196,25293,24880
6464,24116,24504,24193,25306,24860
6480,24094,24517,24215,25280,24844
6496,24059,24451,24225,25226,24822
6512,24071,24433,24250,25230,24827
6528,24057,24383,24188,25230,24777
6544,24057,24359,24169,25199,24765
6560,24030,24337,24184,25168,24772
6576,23996,24289,24091,25158,24762
6592,23998,24223,24070,25114,24730
6608,23957,24180,24041,25085,24719
6624,23914,24124,24014,25079,24654
6640,23911,24112,24010,25081,24658
6656,23908,24101,24015,25011,24617
6672,23906,24101,24013,24995,24588
6688,23912,24100,23975,25002,24591
6704,23919,24079,23991,24986,24560
6720,23889,24042,23941,24943,24532
6736,23854,24014,23906,24917,24516
6752,23824,24004,23898,24856,24474
6768,23770,24019,23877,24852,24418
6784,23745,23995,23864,24856,24389
6800,23745,23974,23855,24832,24390
6816,23716,23972,23821,24783,24372
6832,23717,23912,23821,24781,24337
6848,23721,23895,23817,24769,24276
6864,23683,23883,23781,24749,24278
6880,23628,23881,23767,24758,24278
6896,23630,23863,23765,24689,24243
6912,23633,23855,23709,24651,24240
6928,23595,23845,23702,24630,24214
6944,23582,23844,23669,24574,24234
6960,23555,23798,23662,24576,24230
6976,23518,23766,23632,24491,24057
6992,23496,23730,23628,24453,24025
7008,23492,23722,23617,24401,24040
7024,23405,23716,23581,24393,24024
7040,23383,23674,23571,24364,23950
7056,23377,23668,23556,24334,23938
7072,23375,23654,23543,24288,23919
7088,23359,23653,23484,24256,23898
7104,23316,23615,23418,24230,23876
7120,23316,23620,23421,24220,23872
7136,23288,23622,23381,24156,23859
7152,23261,23605,23395,24147,23823
7168,23238,23567,23379,24137,23778
7184,23236,23561,23375,24134,23768
7200,23215,23531,23371,24112,23743
7216,23203,23531,23358,24073,23712
7232,23203,23518,23331,24041,23720
7248,23114,23518,23324,24021,23691
7264,23111,23504,23322,24019,23680
7280,23085,23469,23314,23999,23669
7296,23086,23461,23240,23945,23637
7312,23019,23459,23212,23917,23639
7328,22995,23447,23212,23900,23619
7344,22990,23419,23202,23882,23623
7360,22972,23369,23152,23878,23601
7376,22978,23309,23054,23857,23574
7392,22933,23313,23013,23861,23501
7408,22903,23304,22951,23812,23491
7424,22903,23298,22921,23768,23469
7440,22851,23294,22917,23735,23463
7456,22837,23250,22913,23735,23451
7472,22805,23219,22901,23737,23425
7488,22805,23219,22893,23686,23435
7504,22786,23221,22871,23686,23411
7520,22786,23198,22848,23682,23411
7536,22700,23180,22843,23679,23421
7552,22676,23129,22843,23642,23425
7568,22674,23114,22824,23628,23402
7584,22680,23126,22814,23612,23371
7600,22647,23114,22796,23611,23366
7616,22615,23085,22802,23598,23349
7632,22601,23055,22774,23584,23323
7648,22557,23055,22686,23564,23326
7664,22554,23021,22657,23556,23288
7680,22553,23017,22648,23537,23289
7696,22534,23002,22650,23537,23270
7712,22529,22994,22588,23500,23268
7728,22487,22991,22534,23477,23244
7744,22453,22991,22505,23451,23198
7760,22420,22981,22467,23423,23204
7776,22418,22981,22461,23419,23204
7792,22358,22981,22436,23345,23200
7808,22342,22887,22434,23343,23181
7824,22316,22838,22434,23343,23173
7840,22310,22820,22432,23317,23172
7856,22250,22792,22432,23289,23158
7872,22230,22774,22391,23287,23166
7888,22202,22766,22387,23274,23154
7904,22176,22766,22366,23270,23152
7920,22161,22762,22343,23251,23152
7936,22163,22762,22343,23248,23151
7952,22157,22752,22330,23247,23118
7968,22150,22748,22255,23197,23118
7984,22137,22710,22267,23169,23043
8000,22085,22711,22255,23138,23021
8016,22055,22712,22255,23128,23003
8032,22013,22704,22231,23132,22992
8048,21993,22692,22231,23116,22969
8064,21967,22692,22205,23097,22968
8080,21923,22663,22179,23077,22956
8096,21923,22643,22176,23041,22933
8112,21911,22625,22176,23030,22925
8128,21899,22619,22177,23007,22912
8144,21857,22600,22167,23007,22878
8160,21841,22583,22161,23007,22848
8176,21819,22563,22153,23003,22818
8192,21789,22563,22119,23007,22799
8208,21793,22548,22108,22967,22796
8224,21772,22529,22090,22929,22763
8240,21720,22527,22041,22926,22693
8256,21679,22527,22041,22926,22667
8272,21679,22493,22035,22904,22667
8288,21677,22492,22003,22854,22657
8304,21654,22469,22000,22841,22651
8320,21638,22461,21988,22845,22643
8336,21630,22457,21950,22823,22605
8352,21622,22396,21945,22710,22597
8368,21610,22383,21909,22700,22564
8384,21600,22379,21868,22690,22547
8400,21596,22336,21826,22656,22517
8416,21596,22311,21826,22656,22455
8432,21590,22303,21771,22652,22437
8448,21586,22281,21741,22591,22437
8464,21544,22277,21729,22551,22430
8480,21510,22256,21724,22512,22430
8496,21510,22258,21716,22485,22430
8512,21485,22238,21711,22475,22430
8528,21463,22227,21707,22475,22404
8544,21455,22181,21688,22469,22401
8560,21456,22172,21648,22421,22397
8576,21456,22170,21629,22419,22391
8592,21443,22138,21616,22384,22375
8608,21423,22128,21584,22384,22368
8624,21411,22122,21556,22376,22326
8640,21407,22097,21556,22375,22297
8656,21384,22097,21546,22357,22296
8672,21380,22087,21536,22317,22278
8688,21380,22081,21536,22313,22255
8704,21382,22010,21528,22312,22227
8720,21371,22014,21508,22307,22195
8736,21355,22012,21487,22299,22183
8752,21343,22002,21473,22297,22184
8768,21324,21979,21478,22288,22157
8784,21328,21971,21468,22284,22163
8800,21292,21961,21456,22233,22139
8816,21281,21957,21437,22201,22135
8832,21277,21957,21430,22167,22120
8848,21234,21944,21423,22160,22114
8864,21200,21927,21421,22159,22071
8880,21200,21915,21412,22155,22027
8896,21188,21915,21383,22098,22009
8912,21139,21909,21370,22065,22008
8928,21139,21907,21330,22037,21997
8944,21139,21893,21320,22037,22000
8960,21117,21874,21313,22037,21989
8976,21097,21855,21294,22033,21980
8992,21087,21839,21294,21967,21958
9008,21087,21798,21290,21962,21912
9024,21075,21795,21266,21896,21912
9040,21044,21791,21254,21890,21907
9056,21022,21771,21225,21890,21903
9072,21007,21771,21225,21876,21901
9088,21001,21765,21208,21824,21881
9104,20952,21748,21209,21811,21864
9120,20952,21750,21205,21811,21833
9136,20932,21732,21194,21811,21825
9152,20935,21732,21178,21790,21813
9168,20910,21698,21169,21787,21784
9184,20899,21691,21161,21731,21784
9200,20899,21685,21161,21711,21783
9216,20899,21681,21161,21676,21762
9232,20897,21625,21150,21663,21761
9248,20897,21627,21150,21663,21761
9264,20897,21627,21137,21617,21717
9280,20867,21626,21137,21617,21719
9296,20835,21622,21137,21605,21710
9312,20834,21622,21137,21590,21636
9328,20829,21604,21137,21520,21628
9344,20796,21605,21137,21520,21628
9360,20787,21596,21137,21516,21621
9376,20765,21547,21137,21482,21619
9392,20765,21541,21121,21482,21587
9408,20765,21482,21118,21474,21535
9424,20751,21482,21103,21458,21523
9440,20745,21461,21098,21458,21523
9456,20729,21422,21100,21433,21523
9472,20709,21412,21094,21426,21523
9488,20709,21412,21072,21418,21517
9504,20693,21395,21072,21409,21499
9520,20678,21387,21060,21376,21497
9536,20649,21387,21051,21376,21498
9552,20623,21387,21037,21336,21475
9568,20606,21385,21037,21336,21467
9584,20594,21385,21023,21336,21455
9600,20584,21385,21015,21328,21452
9616,20584,21379,21015,21290,21448
9632,20580,21370,21001,21286,21440
9648,20563,21334,20997,21286,21424
9664,20530,21334,20997,21254,21420
9680,20528,21334,20997,21244,21382
9696,20528,21252,20994,21225,21344
9712,20528,21252,20955,21225,21320
9728,20500,21236,20953,21215,21310
9744,20475,21237,20951,21214,21310
9760,20457,21235,20945,21204,21305
9776,20413,21220,20945,21196,21297
9792,20394,21198,20940,21173,21297
9808,20383,21190,20940,21155,21276
9824,20383,21186,20908,21155,21269
9840,20352,21149,20908,21153,21269
9856,20352,21119,20884,21108,21247
9872,20352,21119,20878,21089,21239
9888,20348,21081,20871,21075,21180
9904,20326,21081,20862,21065,21160
9920,20294,21080,20854,21063,21156
9936,20282,21077,20836,21040,21156
9952,20275,21035,20836,21020,21100
9968,20272,21014,20810,20978,21100
9984,20259,21006,20807,20935,21100
10000,20251,20991,20801,20913,21100
10016,20225,20973,20801,20909,21098
10032,20191,20973,20794,20907,21090
10048,20149,20965,20752,20903,21091
10064,20149,20955,20750,20903,21085
10080,20096,20955,20747,20857,21019
10096,20077,20954,20747,20853,21019
10112,20067,20942,20734,20837,21008
10128,20067,20942,20718,20838,21000
10144,20031,20922,20718,20824,20993
10160,19990,20904,20696,20814,20952
10176,19950,20887,20689,20798,20943
10192,19922,20842,20679,20757,20923
10208,19888,20842,20645,20730,20895
10224,19882,20811,20641,20710,20874
10240,19882,20787,20636,20710,20845
10256,19878,20784,20614,20710,20828
10272,19878,20763,20614,20700,20822
10288,19874,20749,20600,20700,20817
10304,19874,20738,20534,20700,20817
10320,19874,20718,20508,20700,20804
10336,19851,20714,20504,20701,20797
10352,19851,20714,20469,20676,20780
10368,19841,20706,20467,20666,20747
10384,19841,20702,20459,20666,20747
10400,19831,20691,20453,20658,20714
10416,19831,20655,20451,20649,20693
10432,19789,20655,20441,20635,20693
10448,19779,20645,20441,20627,20675
10464,19777,20641,20422,20603,20666
10480,19747,20637,20396,20585,20668
10496,19747,20619,20366,20585,20654
10512,19736,20613,20358,20583,20654
10528,19726,20613,20354,20583,20654
10544,19720,20609,20354,20583,20616
10560,19718,20601,20354,20551,20598
10576,19705,20601,20339,20513,20596
10592,19705,20597,20335,20503,20591
10608,19693,20597,20325,20503,20587
10624,19687,20569,20314,20503,20548
10640,19687,20534,20300,20503,20549
10656,19681,20501,20295,20494,20530
10672,19681,20501,20295,20492,20530
10688,19681,20481,20247,20490,20517
10704,19681,20470,20237,20490,20510
10720,19674,20470,20221,20466,20507
10736,19672,20430,20213,20460,20507
10752,19672,20417,20213,20454,20507
10768,19664,20410,20207,20454,20486
10784,19664,20404,20204,20454,20438
10800,19662,20404,20198,20452,20416
10816,19653,20404,20197,20451,20416
10832,19642,20394,20195,20427,20401
10848,19640,20391,20174,20425,20397
10864,19640,20341,20172,20421,20352
10880,19640,20341,20172,20409,20329
10896,19636,20332,20170,20401,20319
10912,19636,20314,20149,20401,20313
10928,19632,20314,20141,20401,20301
10944,19630,20314,20115,20401,20297
10960,19624,20311,20115,20381,20297
10976,19620,20296,20115,20381,20297
10992,19616,20264,20102,20342,20291
11008,19616,20252,20102,20334,20269
11024,19616,20252,20102,20329,20239
11040,19612,20250,20102,20312,20239
11056,19601,20215,20102,20262,20229
11072,19569,20211,20098,20254,20229
11088,19547,20197,20086,20252,20183
11104,19547,20185,20086,20223,20183
11120,19528,20185,20086,20217,20176
11136,19494,20168,20066,20217,20176
11152,19488,20168,20044,20217,20172
11168,19488,20144,20038,20215,20164
11184,19488,20136,20038,20183,20164
11200,19482,20136,20038,20168,20164
11216,19469,20123,20038,20146,20158
11232,19461,20123,20020,20131,20158
11248,19461,20123,20000,20123,20158
11264,19461,20116,20000,20119,20135
11280,19461,20110,20000,20100,20135
11296,19412,20108,19998,20100,20135
11312,19412,20100,19998,20094,20129
11328,19412,20097,19989,20081,20085
11344,19371,20061,19983,20067,20085
11360,19371,20061,19959,20067,20083
11376,19369,20031,19933,20044,20083
11392,19369,20019,19933,20030,20075
11408,19359,20019,19897,20016,20054
11424,19359,20019,19897,20006,20045
11440,19355,20019,19897,19991,20045
11456,19335,20019,19875,19991,20045
11472,19332,20004,19875,19991,20045
11488,19332,20000,19847,19978,20043
11504,19304,20000,19847,19975,20042
11520,19288,19981,19825,19969,20042
11536,19288,19971,19825,19964,20033
11552,19262,19971,19825,19946,20033
11568,19226,19954,19789,19931,20014
11584,19220,19951,19750,19929,20010
11600,19220,19944,19726,19928,19991
11616,19212,19936,19716,19928,19991
11632,19198,19933,19702,19909,19987
11648,19172,19932,19688,19893,19978
11664,19170,19930,19688,19887,19958
11680,19170,19917,19688,19883,19958
11696,19158,19897,19664,19877,19953
11712,19157,19883,19664,19867,19944
11728,19157,19883,19662,19865,19918
11744,19148,19883,19662,19865,19918
11760,19148,19878,19662,19865,19906
11776,19112,19878,19662,19865,19876
11792,19112,19878,19639,19845,19865
11808,19089,19862,19639,19834,19865
11824,19085,19862,19626,19830,19862
11840,19085,19859,19626,19788,19854
11856,19085,19859,19607,19786,19846
11872,19073,19857,19603,19783,19830
11888,19030,19848,19603,19779,19809
11904,19020,19822,19541,19779,19798
11920,19014,19756,19519,19779,19773
11936,19014,19725,19519,19779,19771
11952,19014,19709,19519,19767,19761
11968,18995,19696,19506,19765,19759
11984,18992,19694,19506,19765,19759
12000,18992,19669,19506,19755,19754
12016,18959,19669,19506,19743,19742
12032,18959,19655,19500,19743,19742
12048,18955,19655,19500,19727,19742
12064,18928,19648,19500,19727,19725
12080,18922,19648,19489,19726,19689
12096,18916,19626,19477,19700,19689
12112,18908,19624,19476,19692,19685
12128,18897,19622,19452,19667,19685
12144,18877,19622,19452,19652,19673
12160,18873,19622,19448,19652,19673
12176,18873,19617,19426,19651,19652
12192,18873,19617,19426,19635,19648
12208,18873,19609,19409,19627,19648
12224,18873,19602,19395,19627,19642
12240,18873,19599,19395,19623,19609
12256,18855,19599,19393,19623,19597
12272,18852,19591,19385,19612,19592
12288,18852,19591,19383,19612,19590
12304,18840,19575,19375,19612,19590
12320,18811,19562,19375,19612,19590
12336,18799,19562,19354,19608,19586
12352,18799,19560,19354,19570,19586
12368,18771,19492,19344,19570,19586
12384,18769,19492,19341,19562,19584
12400,18760,19466,19329,19562,19584
12416,18756,19461,19329,19548,19578
12432,18752,19461,19329,19548,19566
12448,18748,19461,19329,19530,19556
12464,18748,19461,19320,19526,19556
12480,18743,19454,19304,19526,19548
12496,18727,19446,19294,19504,19544
12512,18723,19444,19294,19496,19534
12528,18719,19442,19292,19496,19534
12544,18701,19442,19287,19490,19528
12560,18679,19442,19267,19490,19528
12576,18675,19433,19263,19490,19526
12592,18675,19417,19255,19458,19526
12608,18675,19416,19254,19458,19508
12624,18647,19398,19250,19458,19470
12640,18647,19394,19244,19446,19462
12656,18647,19394,19244,19413,19462
12672,18647,19394,19244,19388,19462
12688,18643,19394,19240,19366,19408
12704,18641,19394,19240,19359,19408
12720,18633,19394,19226,19359,19408
12736,18632,19394,19222,19359,19408
12752,18632,19391,19222,19350,19408
12768,18632,19391,19222,19327,19408
12784,18632,19391,19216,19327,19408
12800,18632,19391,19207,19323,19402
12816,18616,19388,19203,19323,19399
12832,18616,19384,19196,19305,19387
12848,18614,19368,19196,19305,19367
12864,18606,19368,19183,19283,19367
12880,18606,19368,19179,19277,19364
12896,18606,19366,19169,19277,19358
12912,18606,19360,19169,19257,19358
12928,18574,19348,19169,19251,19350
12944,18518,19335,19169,19251,19336
12960,18518,19335,19169,19241,19312
12976,18503,19333,19163,19237,19300
12992,18503,19330,19163,19237,19299
13008,18503,19330,19157,19237,19278
13024,18500,19330,19157,19222,19278
13040,18500,19329,19157,19212,19268
13056,18497,19327,19155,19211,19257
13072,18496,19327,19138,19188,19253
13088,18480,19320,19138,19174,19253
13104,18476,19313,19130,19174,19253
13120,18476,19288,19126,19147,19229
13136,18476,19288,19124,19147,19218
13152,18474,19276,19116,19147,19218
13168,18474,19268,19112,19147,19218
13184,18451,19262,19110,19147,19218
13200,18449,19262,19102,19147,19218
13216,18420,19242,19102,19117,19211
13232,18400,19241,19089,19117,19208
13248,18390,19241,19089,19117,19208
13264,18389,19230,19072,19117,19208
13280,18385,19225,19072,19117,19204
13296,18385,19212,19072,19116,19180
13312,18364,19211,19067,19114,19152
13328,18327,19197,19067,19114,19152
13344,18323,19197,19067,19114,19133
13360,18317,19197,19067,19094,19073
13376,18311,19197,19065,19072,19073
13392,18293,19193,19063,19072,19073
13408,18293,19177,19052,19060,19056
13424,18285,19148,19028,19056,19056
13440,18285,19146,19023,19056,19056
13456,18284,19146,19003,19043,19056
13472,18284,19140,18995,19033,19056
13488,18284,19140,18995,19031,19054
13504,18282,19138,18987,19031,19054
13520,18282,19136,18967,19031,19038
13536,18251,19124,18954,19031,19028
13552,18245,19117,18950,19031,19028
13568,18233,19108,18946,19023,19020
13584,18225,19057,18946,19021,19020
13600,18225,19057,18920,18947,18989
13616,18225,19039,18915,18947,18954
13632,18225,19015,18915,18943,18954
13648,18225,19015,18915,18943,18954
13664,18213,19012,18915,18943,18954
13680,18199,19012,18913,18943,18954
13696,18195,19012,18889,18943,18954
13712,18193,18994,18869,18943,18954
13728,18193,18992,18869,18943,18954
13744,18174,18986,18869,18943,18952
13760,18109,18982,18869,18943,18946
13776,18109,18982,18861,18943,18946
13792,18101,18982,18858,18943,18946
13808,18101,18964,18858,18939,18946
13824,18099,18964,18840,18936,18897
13840,18085,18949,18840,18936,18875
13856,18084,18917,18829,18931,18862
13872,18084,18903,18822,18923,18862
13888,18084,18903,18783,18905,18862
13904,18084,18903,18779,18905,18846
13920,18077,18903,18766,18882,18823
13936,18075,18903,18766,18876,18823
13952,18065,18896,18758,18876,18823
13968,18065,18896,18740,18834,18805
13984,18049,18896,18739,18817,18805
14000,18049,18889,18739,18796,18805
14016,18049,18889,18739,18796,18733
14032,18049,18889,18739,18768,18724
14048,18032,18889,18739,18768,18724
14064,18010,18871,18731,18765,18724
14080,18010,18853,18731,18765,18724
14096,18004,18850,18731,18753,18724
14112,17998,18834,18724,18753,18706
14128,17994,18824,18724,18742,18671
14144,17994,18824,18713,18742,18665
14160,17994,18824,18709,18742,18663
14176,17991,18824,18675,18730,18663
14192,17981,18822,18651,18708,18659
14208,17967,18822,18646,18687,18646
14224,17954,18818,18646,18679,18640
14240,17954,18818,18646,18677,18637
14256,17895,18804,18644,18677,18625
14272,17881,18801,18642,18677,18607
14288,17881,18801,18639,18677,18607
14304,17874,18799,18639,18662,18596
14320,17868,18797,18627,18662,18596
14336,17868,18797,18610,18662,18591
14352,17865,18797,18606,18662,18585
14368,17855,18797,18580,18662,18585
14384,17852,18793,18580,18662,18585
14400,17840,18785,18580,18662,18585
14416,17840,18784,18580,18661,18581
14432,17831,18778,18580,18648,18581
14448,17831,18778,18580,18628,18575
14464,17831,18761,18570,18624,18549
14480,17822,18761,18570,18606,18546
14496,17822,18761,18568,18606,18533
14512,17804,18731,18568,18606,18533
14528,17792,18721,18568,18602,18533
14544,17792,18717,18568,18598,18526
14560,17792,18717,18559,18598,18526
14576,17784,18717,18549,18594,18525
14592,17771,18710,18549,18583,18525
14608,17762,18710,18545,18554,18511
14624,17762,18692,18539,18554,18501
14640,17758,18678,18538,18554,18501
14656,17758,18678,18536,18527,18501
14672,17758,18664,18530,18527,18481
14688,17758,18664,18513,18527,18449
14704,17758,18659,18464,18527,18435
14720,17756,18646,18443,18512,18411
14736,17728,18641,18443,18512,18411
14752,17722,18633,18443,18490,18411
14768,17722,18629,18443,18487,18411
14784,17722,18629,18443,18487,18411
14800,17722,18628,18432,18474,18411
14816,17722,18619,18412,18464,18407
14832,17722,18619,18402,18450,18407
14848,17708,18615,18402,18447,18407
14864,17694,18613,18402,18444,18397
14880,17694,18613,18389,18444,18397
14896,17694,18591,18376,18444,18391
14912,17676,18591,18340,18434,18391
14928,17668,18591,18340,18434,18391
14944,17665,18581,18313,18420,18391
14960,17637,18581,18313,18420,18391
14976,17627,18581,18313,18420,18383
14992,17627,18562,18313,18406,18374
15008,17627,18547,18313,18406,18374
15024,17627,18547,18313,18400,18374
15040,17619,18523,18313,18368,18366
15056,17619,18499,18311,18368,18360
15072,17599,18499,18291,18351,18360
15088,17599,18499,18289,18351,18360
15104,17599,18489,18289,18351,18360
15120,17587,18489,18289,18351,18360
15136,17587,18487,18289,18343,18346
15152,17583,18487,18285,18343,18332
15168,17580,18487,18285,18316,18332
15184,17566,18477,18285,18312,18326
15200,17566,18463,18279,18312,18320
15216,17534,18452,18279,18312,18314
15232,17527,18452,18243,18312,18314
15248,17527,18448,18221,18307,18314
15264,17527,18442,18221,18307,18314
15280,17527,18442,18208,18293,18304
15296,17511,18421,18208,18262,18289
15312,17480,18419,18207,18258,18284
15328,17478,18419,18188,18258,18284
15344,17478,18419,18188,18254,18284
15360,17478,18419,18170,18230,18274
15376,17476,18407,18168,18230,18244
15392,17467,18407,18164,18226,18244
15408,17467,18407,18164,18226,18244
15424,17467,18407,18164,18223,18232
15440,17467,18382,18163,18223,18230
15456,17467,18379,18162,18216,18224
15472,17466,18379,18162,18204,18215
15488,17466,18375,18162,18178,18211
15504,17466,18375,18154,18170,18205
15520,17466,18375,18146,18166,18191
15536,17466,18369,18146,18162,18176
15552,17466,18369,18146,18158,18174
15568,17466,18361,18140,18152,18174
15584,17466,18356,18132,18152,18174
15600,17466,18356,18132,18146,18174
15616,17466,18348,18132,18146,18174
15632,17466,18323,18132,18136,18170
15648,17461,18323,18132,18136,18170
15664,17461,18317,18130,18127,18166
15680,17449,18307,18118,18127,18166
15696,17443,18307,18116,18105,18166
15712,17443,18307,18116,18105,18164
15728,17443,18304,18112,18091,18164
15744,17441,18304,18112,18091,18164
15760,17441,18304,18106,18091,18158
15776,17440,18301,18106,18087,18158
15792,17440,18301,18096,18087,18152
15808,17440,18295,18090,18087,18128
15824,17434,18295,18090,18085,18128
15840,17434,18290,18077,18077,18112
15856,17434,18290,18077,18077,18096
15872,17430,18289,18063,18071,18096
15888,17430,18267,18059,18071,18096
15904,17416,18267,18027,18067,18088
15920,17416,18260,18024,18066,18088
15936,17406,18260,18014,18066,18076
15952,17406,18260,18014,18060,18076
15968,17391,18260,18014,18051,18076
15984,17379,18260,17988,18051,18067
